,path,labels
578,France Argentiere church and cross with Alps_preview.mp4,cloud
229,Georgia Okefenokee reflections in scummy water pan_preview.mp4,water
544,170728_Berlin_A_012_preview.mp4,sunset
369,170209D_039_Diving_1080p_preview.mp4,water
442,motionplaces flower-Oct2018_preview.mp4,flower
204,_import_6065c421dd66b8.88923114_preview.mp4,food
38,170804_C_Lombok_026_preview.mp4,water
78,_import_62a3141f4b2347.28274638_preview.mp4,dance
633,TL_3_h264420_1080p_HQ_preview.mp4,cloud
306,Taveta_Weaver_CloseUp_preview.mp4,animal
359,Boxing_09Videvo_preview.mp4,water
228,000939521-ecuador-crater-lake-view_preview.mp4,water
123,190111_11_ChinaTown_HD_004_preview.mp4,fire
33,200910_02_Oxford_4K_042_preview.mp4,flower
37,220507_01_Nature 1_4k_039_preview.mp4,flower
572,Oregon beautiful clouds over sea_preview.mp4,cloud
385,_import_627a05b8bba559.48832708_preview.mp4,dance
30,000939318-cincinnati-bridge-evening-cars_preview.mp4,car
159,France curious alpine clouds time lapse_preview.mp4,cloud
314,alyssahuberfilms_Ocean_Waves_at_Sunset_HD_Stock_Clip_preview.mp4,sunset
90,_import_60ee7b38b64dd9.92365586_preview.mp4,car
140,200223_Cafe_03_14_preview.mp4,food
616,210613_01_Drone Cogges_4k_011_preview.mp4,animal
161,Cape_Perpetua_Oregon_Coast_Pt_2_preview.mp4,water
421,_import_61de6244083ac0.96033932_preview.mp4,car
137,000984827-honolulu-ala-moana-late-evenin_preview.mp4,sunset
49,lake_waves_and_boats_people__free_12s_preview.mp4,water
256,181015_13_Venice Beach Drone_04_preview.mp4,sunset
371,Ireland County Kerry Killorglin man crosses street_preview.mp4,car
95,_import_60bf1b2460e635.70222225_preview.mp4,car
507,181004_21_WATERDEVELOPMENT_07_preview.mp4,water
249,Chile Punta Arenas zooms on street scene_preview.mp4,car
178,Cape_Perpetua_Oregon_Coast_preview.mp4,water
107,200605_BLM US Protests_01_4k_013_preview.mp4,car
533,_North Carolina view at Mile High Overlook_preview.mp4,cloud
116,200520_Kim Sydney_01_4k_008_preview.mp4,water
24,_import_61eb903d4d7c42.69975501_preview.mp4,food
57,BokehNightDriving_preview.mp4,car
406,190802_01_MakokoStiltCommunity_HD_61_preview.mp4,food
115,190111_04_TaksinBridge_Drone_12_preview.mp4,car
70,200605_BLM US Protests_01_4k_002_preview.mp4,car
221,200116_Lens effect_4k_040_preview.mp4,water
561,170609_E_Varanasi_028_preview.mp4,fire
471,Big leaf maple flowers zoom in_preview.mp4,flower
275,038804681-fire-grill_preview.mp4,fire
593,170609_E_Varanasi_111_1_preview.mp4,fire
629,_import_6163cde71fb1f5.20419284_preview.mp4,car
565,180607_A_036_preview.mp4,water
266,_California San Francisco streets in shadow_preview.mp4,car
637,011130883-amalia-glacier-people-ship_preview.mp4,water
230,Oregon Deschutes River with huge rock_preview.mp4,water
350,211025_10_C_Kids in Studio_HD_009_preview.mp4,dance
534,New Orleans Commanders Palace in Garden District_preview.mp4,car
2,190802_22_Drone_18_preview.mp4,sunset
234,211028_06_Christmas Bar_4K_018_preview.mp4,dance
596,210521_01_Oxford Rain_4k_004_preview.mp4,flower
59,_import_6177e0cf8036a4.37473265_preview.mp4,food
155,Squirrel_Monkey_on_Breach_preview.mp4,animal
432,_import_62b00c435e3261.15265927_preview.mp4,dance
81,beach3_preview.mp4,sunset
639,Gardenstock_10_Videvo_preview.mp4,flower
426,180607_A_015_preview.mp4,water
35,_import_62a43699b31a84.52474335_preview.mp4,dance
197,026234704-time-lapse-cloud-streamers-wis_preview.mp4,cloud
386,_import_62a3185725f401.40534811_preview.mp4,dance
88,France Mont Blanc view with street light zoom in_preview.mp4,cloud
505,flor_preview.mp4,flower
643,201119_02_Cobnut Christmas_4k_001_preview.mp4,fire
44,160820_057_NYC_TaxisInRain4_1080p_preview.mp4,car
245,000984125-marina-kona-coast-hawaii_preview.mp4,flower
218,France Mont Blanc les Bossons Glacier zoom out_preview.mp4,cloud
301,Nightclub_DJ_Hands_in_Air_preview.mp4,dance
174,170804_B_Lombok_003_preview.mp4,cloud
576,Mexico San Julian view of arches palms and umbrellas_preview.mp4,car
336,Ireland Dingle Peninsula road above sea cliffs pans and zooms_preview.mp4,cloud
422,Montana traffic on road past East Glacier town_preview.mp4,car
431,ChinaPeacock_preview.mp4,animal
272,200520_Kim Sydney_01_4k_036_preview.mp4,water
462,_import_615fdc101b8d89.05791019_preview.mp4,sunset
54,180116_01_01_preview.mp4,animal
581,200506_Kitchen Food_05_4k_043_preview.mp4,food
415,_import_62bbf47605de44.36784975_preview.mp4,dance
558,128255765-guatemala-flowers-decorate-int_preview.mp4,flower
610,Close up of lake -H264 75_preview.mp4,water
247,_import_60ee8c5e26e572.61397245_preview.mp4,car
11,_import_62bff30ce09103.56298710_preview.mp4,dance
80,Sunsat___8_1596540777_preview.mp4,sunset
602,_import_60e1445b155109.47450302_preview.mp4,car
157,150412_07_SeaSlowMotion_BWCC_1080p_preview.mp4,water
151,New Zealand clouds over Mt Cook time lapse_preview.mp4,cloud
623,_import_62bd3f44432c89.21660927_preview.mp4,dance
165,Mexico Huatulco man rides scooter on walkway_preview.mp4,water
187,_import_62b0244d09af01.32593025_preview.mp4,dance
1,Chile Smyth Channel reflection of rugged mountains_preview.mp4,cloud
460,_import_60e1438143f817.17126516_preview.mp4,car
311,170804_B_Lombok_068_preview.mp4,animal
417,California Merced River rapids and weeds zooms in_preview.mp4,water
388,_import_62aec63ac22bb7.85561144_preview.mp4,dance
327,_import_6184dfdc4a70a6.83520120_preview.mp4,car
453,heavyweather_preview.mp4,flower
609,Blurred_Dance_Floor_preview.mp4,dance
225,200506_Kitchen Food_03_4k_008_preview.mp4,food
455,200116_Lens effect_colour_4k_018_preview.mp4,water
518,Alaska Denali park tourists on path_preview.mp4,cloud
276,_import_62a30d102a7524.67788324_preview.mp4,dance
235,040602606-canada-athabasca-glacier-movin_preview.mp4,cloud
283,RooftopClouds_preview.mp4,cloud
31,greypass009_preview.mp4,water
32,_import_60646ce3ac9429.36732825_preview.mp4,sunset
262,210616_02_Staycation_4k_061_preview.mp4,water
595,170609_F_Varanasi_050_preview.mp4,animal
638,California fountain with pink flowers and people_preview.mp4,water
53,Light_amongst_the_leaves_CCBY_NatureClip_preview.mp4,cloud
4,Chickens_Outside_03_preview.mp4,animal
326,170804_B_Lombok_087_preview.mp4,sunset
641,000464896-guatemala-antigua-church-festi_preview.mp4,food
500,_import_62a30c94ebd558.82088264_preview.mp4,dance
497,Oregon late evening sun time lapse_preview.mp4,cloud
0,220518_02_Woods_4k_003_preview.mp4,flower
183,_import_616e761dd634a8.19634608_preview.mp4,food
211,220518_01_Woods_4k_012_preview.mp4,animal
41,_import_62c66a318912d7.10566061_preview.mp4,food
403,Germany curving row in fruit orchard_preview.mp4,flower
469,220507_05_Nature 1_4k_012_preview.mp4,flower
530,011001413-spain-stork-and-church-2_preview.mp4,animal
253,_import_61fa0fe6012086.49186503_preview.mp4,car
21,211212_03_Jakarta_4k_083_preview.mp4,food
363,_import_62ca6b3eeb5426.00786373_preview.mp4,dance
443,Chile Aisen Fjord view_preview.mp4,cloud
548,Weeds and moving water_preview.mp4,water
298,Mexico Huatulco flowers and people_preview.mp4,flower
294,_import_614ef0949b5446.23214321_preview.mp4,food
124,026349083-new-mexico-taos-landscape-time_preview.mp4,cloud
255,Arkansas Mammoth Spring water detail_preview.mp4,water
573,200412_02_Fire4K_08_preview.mp4,fire
418,_import_616e7f78a17260.13545125_preview.mp4,animal
224,190625_07_RooftopFlightNight_Drone_05_preview.mp4,car
391,Waves_over_sand_at_dusk__Videvo_preview.mp4,water
79,Wind Turbine 2-Stock Video_preview.mp4,cloud
345,Louisiana car and atv by levee_preview.mp4,car
177,Canada Vancouver red scaffolding_preview.mp4,cloud
498,160929_044_London_BigBen2_1080p_preview.mp4,cloud
400,210303_01_Rural Walk_4k_015_preview.mp4,animal
87,Oregon Deschutes River ducks swimming_preview.mp4,water
376,New Zealand clouds on horizon_preview.mp4,cloud
429,_import_62a314e3575bd8.79997499_preview.mp4,dance
296,New Zealand two types of clouds sun rays time lapse_preview.mp4,cloud
560,Canada Bay of Fundy curved beach_preview.mp4,cloud
227,210603_02_July 4_4k_008_preview.mp4,food
264,210521_02_Oxford Rain_2k_001_preview.mp4,car
620,220518_01_Woods_4k_010_preview.mp4,flower
499,Mexico Huatulco evening with houses and boats_preview.mp4,water
630,Droplets_Videvo_preview.mp4,water
526,Jellyfish moves toward rocks_preview.mp4,animal
310,_import_62bbf21eafbd40.36684572_preview.mp4,dance
357,FREEStockVideoDOWNLOADVictrolaRecordPlayer2PackHD_preview.mp4,dance
76,France Mont Blanc with clouds time lapse_preview.mp4,cloud
179,Porto_sunrise_preview.mp4,cloud
413,CloseupWaterfall3_preview.mp4,water
55,_import_614efddbd19516.60448217_preview.mp4,car
353,Sequence_01_preview.mp4,water
162,_import_614efb3229e902.59139691_preview.mp4,sunset
445,Cell_Tower_at_Sunset_CLOSE_preview.mp4,"cloud, sunset"
244,190802_01_MakokoStiltCommunity_HD_57_preview.mp4,water
582,026202866-greenland-ice-fjord-mountains-_preview.mp4,water
613,Chile Smyth Channel sailboat on rugged coast_preview.mp4,water
172,210603_02_July 4_4k_003_preview.mp4,food
293,Lavender_CCBY_NatureClip_preview.mp4,flower
524,000985854-upcountry-view-island-maui_preview.mp4,cloud
408,190802_19_06_preview.mp4,water
160,034655368-berlin-bahnhof-friedrichstrass_preview.mp4,car
312,FoodPack1_04_Videvo_preview.mp4,food
338,026101097-clouds-moving-over-flat-plain_preview.mp4,cloud
113,190301_02_KenyaWildlife_27_preview.mp4,animal
98,Falls3_preview.mp4,water
108,_New York Goshen street scene with school bus_preview.mp4,car
18,040642316-montana-grass-fire-and-weeds-s_preview.mp4,fire
200,Mykonos_2_preview.mp4,water
191,Water_3_150fps_videvo_preview.mp4,water
448,191126_2_HD_Party_Cropped_10_preview.mp4,dance
389,_import_62c13eca8a91d0.54432958_preview.mp4,flower
89,161212_087_Vietnam_1080p96fps_preview.mp4,water
173,France Mont Blanc zooms in from highway_preview.mp4,car
110,024687499-west-virginia-huntington-flood_preview.mp4,car
618,200506_kitchen Food_02_4k_019_preview.mp4,food
92,_California San Francisco passing commercial buildings_preview.mp4,car
52,Los Angeles skyline getting darker time lapse_preview.mp4,car
586,190111_01_RatuchakNightMarket_Drone_007_preview.mp4,food
149,A0271_F1506_H2_Bridge_with_bike_AM_WA_pan_preview.mp4,water
321,ScenicOceanBeach_1_preview.mp4,water
390,201119_04_Cobnut Christmas_4k_017_preview.mp4,fire
341,171124_C2_UHD_002_preview.mp4,sunset
303,190301_02_KenyaWildlife_40_preview.mp4,animal
343,008608165-andalusia-salobrena-vies_preview.mp4,flower
479,GARDEN_SUMMER_2_preview.mp4,flower
626,Fig tree top zooms out_preview.mp4,cloud
252,190802_05_PlasticPollution_HD_07_preview.mp4,water
452,Spain Serrania de Cuenca Una lagoon with brown reeds_preview.mp4,water
319,011095672-chile-hollyhock-s1_preview.mp4,flower
377,Germany river in Berchtesgaden zooms in_preview.mp4,water
395,HS016_preview.mp4,water
106,Greece Crete Aegean Sea with tourist on rock_preview.mp4,water
555,_import_614f0884e972e2.19041194_preview.mp4,sunset
332,_import_61289a56d4c477.72334296_preview.mp4,food
567,200207_London Streets_1_4k_065_preview.mp4,car
447,000985273-lake-michigan-upper-peninsula_preview.mp4,cloud
100,190625_08_RooftopFlightMisc_Drone_27_preview.mp4,car
201,_import_62bff14a61f762.48345820_preview.mp4,dance
56,_import_6065c57bb19250.58566001_preview.mp4,food
634,210722_05_Festival_4k_073_preview.mp4,sunset
410,171124_D1_HD_011_preview.mp4,animal
214,_import_62ad8960dcd171.05889245_preview.mp4,dance
579,040978892-amazon-river-flag-and-ship_preview.mp4,cloud
525,Sydney_storm_preview.mp4,cloud
456,Chile Valparaiso pilot boat goes by_preview.mp4,water
50,211212_07_Jakarta_4k_058_preview.mp4,car
288,190614_09_CamelYurts_UHD_01_preview.mp4,water
222,Distant_Waterfall_Mt_Ranier_preview.mp4,water
428,180607_A_122_preview.mp4,water
91,PlayingWithPlane_preview.mp4,cloud
203,_California San Francisco men turn cable car_preview.mp4,car
545,_Argentina a cloud after sunset over Fitz Roy_preview.mp4,cloud
365,0530_F1507_H2_008_Orcas_02_preview.mp4,water
554,_import_62c12501cd3f30.82606984_preview.mp4,dance
433,Airplanewing1_preview.mp4,cloud
193,Mexico San Julian flowers and bicycles_preview.mp4,flower
111,190712_Cornwall_HD_11_preview.mp4,fire
66,France blooming trees in woods zoom in_preview.mp4,flower
463,160410_46_LA_Motorway_5_1080p_preview.mp4,car
402,Guatemala tugboat in late evening_preview.mp4,water
317,Luna_00001_preview.mp4,cloud
121,210603_03_July 4_4k_004_preview.mp4,food
68,170609_E_Varanasi_022_preview.mp4,fire
477,barras012_preview.mp4,water
36,Fire_2_preview.mp4,fire
143,_import_613c654a17ad52.70715239_preview.mp4,food
208,Ireland County Galway Rinvyle coast with rock_preview.mp4,water
209,New Zealand Lake Gunn reflections Fiordland_preview.mp4,water
481,Rarotonga lagoon Muri Beach sky_preview.mp4,cloud
355,014965117-iceland-olafsfjordur-headland-_preview.mp4,car
325,California flowering shrub in forest_preview.mp4,flower
538,010896838-granada-isabel-columbus-statue_preview.mp4,car
393,California clouds time lapse_preview.mp4,cloud
492,Ducks_in_Sunset_preview.mp4,sunset
297,_import_61dd13ed2cad44.96373891_preview.mp4,car
62,210112_01_Covid Oxford_4k_060_preview.mp4,car
102,_import_6207416ea00a28.78733137_preview.mp4,food
238,160825_05_Sunflowers3_1080p_preview.mp4,flower
287,_Iowa an autumn view toward the Missouri River_preview.mp4,water
423,New Orleans clouds over town_preview.mp4,car
122,Choppy_Sea_3_preview.mp4,water
67,Canada Nova Scotia forest under cloudy sky pan_preview.mp4,cloud
142,Yellowstone lower falls of the river_preview.mp4,water
335,Italy Po Valley under clouds_preview.mp4,cloud
82,_import_60cc306eb3ab91.13245739_preview.mp4,car
552,181015_05c_GriffithObservatory_HD_003_preview.mp4,sunset
451,Oahu Honolulu harbor with airplane leaving_preview.mp4,sunset
535,_import_61de62f29214e6.07423532_preview.mp4,car
328,_import_62b0222fe9e2f6.59740247_preview.mp4,dance
569,_import_616e5f6d5657b8.14622698_preview.mp4,animal
647,Los Angeles skyline as night falls time lapse_preview.mp4,car
322,Ireland County Galway Rinvyle road_preview.mp4,cloud
17,181015_06_FourLevel_04_preview.mp4,car
237,DeerWalking_preview.mp4,animal
47,200506_Kitchen Food_04_4k_019_preview.mp4,food
268,210826_06_Family Outdoors_4k_043_preview.mp4,fire
240,Arizona palms and grey sky_preview.mp4,cloud
564,200923_03_Birmingham_4k_023_preview.mp4,car
412,220507_05_Nature 1_4k_001_preview.mp4,flower
267,Germany Tangermunde Rathhous and statue of Grete Munde beyond flowers_preview.mp4,flower
258,_import_62ca6cee1e5783.29058702_preview.mp4,dance
571,200401_Oil and Elements 32_13_preview.mp4,water
171,170609_B_DelhiJamaMasjid_054_preview.mp4,sunset
96,005501044-poinciana-flowers-wind_preview.mp4,flower
488,Germany mud and grass in the Wadden Sea_preview.mp4,water
163,free_footage_11c_preview.mp4,car
516,_import_60bf2490d519d8.48380607_preview.mp4,flower
233,190212_03_MarrakechKoutoubia_HD_12_preview.mp4,sunset
592,Northern Ireland Antrim zooms on tiny tide pool_preview.mp4,water
396,160410_25_Los_Angeles_Skyline_19_1080p_preview.mp4,car
563,026358200-utah-capitol-reef-clouds-time-_preview.mp4,cloud
459,026237940-kansas-clouds-over-plains_preview.mp4,cloud
16,_Argentina Salta cloud over tobacco field_preview.mp4,cloud
649,180920_01_Cologne_02_preview.mp4,water
486,170804_C_Lombok_001_preview.mp4,water
129,190802_17a_HD_21_preview.mp4,water
540,Oregon Columbia River backwater with dead branch pan_preview.mp4,water
381,Alaska edge of northern forest zoom in_preview.mp4,cloud
577,The_Flight_over_the_Lake_preview.mp4,cloud
337,Beach_sp1_H264_Videvo_preview.mp4,sunset
506,000763544-florida-boat-bay_preview.mp4,water
231,_California couple inspect a blooming Beavertail cactus_preview.mp4,flower
483,211212_07_Jakarta_4k_041_preview.mp4,car
344,_import_62aecdb5e85316.67090481_preview.mp4,dance
215,170509A_Vietnam_04_preview.mp4,sunset
291,Georgia Okefenokee cypress trees against orange sky_preview.mp4,sunset
339,_import_616e8403090515.37900575_preview.mp4,animal
154,Small_river_preview.mp4,water
114,DSCN0569rain_preview.mp4,water
304,creek_in_slowmotion2_preview.mp4,water
542,_import_60c45a35cbc233.33813190_preview.mp4,water
375,010723413-massachusetts-salisbury-beach-_preview.mp4,car
444,Canada Nova Scotia cloudy sky and distant houses pan_preview.mp4,cloud
454,Chile Puerto Chacabuco work boat passes hills_preview.mp4,cloud
607,Germany Wismar traffic and election poster_preview.mp4,car
14,Germany flowering trees zooms in_preview.mp4,flower
61,_import_62a58dfa0a2971.36532340_preview.mp4,dance
63,005495163-white-flower_preview.mp4,flower
282,161212_002_Vietnam_1080p96fps_preview.mp4,car
330,170609_B_DelhiJamaMasjid_006_preview.mp4,animal
520,Incline_Overlook_preview.mp4,water
146,170411A_13_Blossom_1080p_preview.mp4,flower
461,132080839-paris-tree-lined-avenue_preview.mp4,car
6,Croatia water on rocks at high tide pan_preview.mp4,water
175,_import_62bbf158a280a4.97325197_preview.mp4,dance
205,_import_62c7c6bf70f7f3.91095751_preview.mp4,food
648,171124_I1_009_preview.mp4,fire
441,000985859-maui-view-haleakala-4_preview.mp4,cloud
476,Montana clouds over trees_preview.mp4,cloud
132,200520_Kim Sydney_02_HD_020_preview.mp4,water
546,181015_05b_GriffithObservatory_15_preview.mp4,sunset
323,171124_G1_033_preview.mp4,sunset
34,Chile Estero de Castro coast and cloud_preview.mp4,cloud
458,SunsetOverPortsmouthHarbourVidevo_preview.mp4,sunset
58,_import_60d02948d5d725.11253653_preview.mp4,food
414,220810_02_Football Still Life_4k_021_preview.mp4,food
39,_import_614eec7a926421.45456331_preview.mp4,car
522,_Iowa Burlington rail yards with train_preview.mp4,car
145,180825_02_02_preview.mp4,flower
22,Louisiana speeding boat on Mississippi River_preview.mp4,cloud
206,_import_62c66f266e5c22.05088660_preview.mp4,food
126,_import_62a30e774d71a7.11740613_preview.mp4,dance
420,Croatia Lovran rocks and water_preview.mp4,water
521,000984040-steeple-church-kona-hawaii_preview.mp4,car
588,_import_628dc39bae13e6.08897269_preview.mp4,dance
42,190625_07_RooftopFlightNight_Drone_15_preview.mp4,car
615,Venice_Sunset_HDmovie_1591370022_preview.mp4,sunset
504,191126_2_HD_Party_Cropped_07_preview.mp4,dance
19,Canada Nova Scotia car approaching on highway_preview.mp4,cloud
300,_import_62a317a25b1948.52092175_preview.mp4,dance
361,000985570-maui-lahaina-street-scene_preview.mp4,car
604,_import_61c96e0214e918.38022068_preview.mp4,dance
519,Louisiana lake with landscaping_preview.mp4,"cloud, water"
580,Rainbow_timelapse_CCBY_NatureClip_preview.mp4,cloud
340,190111_TL_1_12_preview.mp4,car
619,4k_Tilt_of_Waterfall_preview.mp4,water
195,_Illinois small town main street_preview.mp4,car
216,Ireland sheep on slope_preview.mp4,animal
101,_import_610116784e1d62.13056130_preview.mp4,food
29,170609_A_Delhi_074_1_preview.mp4,food
617,Mexico Guanajuato statue and people_preview.mp4,car
139,200605_BLM US Protests_02_4k_038_preview.mp4,car
549,_import_616e5ebb6151f5.55336006_preview.mp4,animal
313,LobsterinTankH264_preview.mp4,water
597,190802_17b_UHD_04_preview.mp4,car
384,Nature rippling water_preview.mp4,water
398,170609_D_Varanasi_002_preview.mp4,fire
622,181015_09_Timelapses_06_preview.mp4,car
553,_North Carolina tilts up fall trees_preview.mp4,water
354,190416_10_Drone1_11_preview.mp4,cloud
156,190408_MonarchLifecycle2_04_preview.mp4,animal
380,190802_17a_HD_32_preview.mp4,animal
510,_import_62c1423a8d2765.91564446_preview.mp4,food
509,_Georgia cars pass on country highway_preview.mp4,car
515,Montana cloud moving over snowy mountain_preview.mp4,cloud
77,170724_41_Surfersfromabove_preview.mp4,water
364,Sqirrel_Eats_Close_preview.mp4,animal
309,Montana Glacier National Park lake in sun_preview.mp4,cloud
508,Ireland County Kerry Killorglin town_preview.mp4,car
612,France Revel Belledonne church and WWI statue_preview.mp4,cloud
557,039742171-cusco-street-plaza-and-church_preview.mp4,car
40,_import_613c6de5ee0846.60838525_preview.mp4,food
74,_import_613c3e41a95833.35503967_preview.mp4,food
199,190312_04_PiazzaNavona_UHD_003_preview.mp4,dance
329,200612_Making Pizza_01_4k_026_preview.mp4,food
392,Louisiana pink snapdragon_preview.mp4,flower
103,220507_01_Nature 1_4k_005_preview.mp4,flower
261,210518_06_Camera DIY_2k_006_preview.mp4,water
278,_import_60c057c4a9bb92.70321955_preview.mp4,car
379,171124_I1_004_preview.mp4,dance
210,200506_Kitchen Food_04_4k_014_preview.mp4,food
635,011139863-torres-del-paine-lago-pehoe-ca_preview.mp4,water
601,190111_16_MuayThaiTraining_HD_04_preview.mp4,water
574,_import_612895507f07b6.40498971_preview.mp4,food
501,_import_61654deeef5b64.29911119_preview.mp4,water
220,190301_1_25_01_preview.mp4,car
181,_import_60c98990d41000.24640210_preview.mp4,sunset
348,_import_615fd719c295d0.10594294_preview.mp4,flower
9,Louisiana swamp boardwalk with man on scooter_preview.mp4,water
440,PoliceBoatPatrollingHarbour2Videvo_preview.mp4,water
28,_import_62ba93f5c1a178.10596314_preview.mp4,dance
528,_import_60d0300d31a395.58288371_preview.mp4,flower
334,180825_08_garden_preview.mp4,food
104,New Orleans French Quarter line and bike evening_preview.mp4,car
550,_California San Francisco streetcar and bikes_preview.mp4,car
176,011004318-spain-storks-nest_preview.mp4,animal
308,200415_03_Batch_05_007_preview.mp4,food
430,Aitutaki colorful kayaks on a beach by a lagoon zoom in_preview.mp4,water
148,181015_06_FourLevel_03_preview.mp4,car
496,180607_A_100_preview.mp4,water
168,210616_04_Staycation_4k_012_preview.mp4,food
192,hd1119_preview.mp4,cloud
316,Oregon Portland south park art museum_preview.mp4,flower
7,_import_62c144f8bceab5.22089619_preview.mp4,food
71,210603_03_July 4_4k_024_preview.mp4,food
529,170411A_23_Blossom_1080p_preview.mp4,flower
188,Tajski_ribi_preview.mp4,sunset
251,190301_02_KenyaWildlife_26_preview.mp4,animal
346,Texas Big Bend Chisos red sunset zoom in_preview.mp4,sunset
144,_import_62a42f010c5739.50703197_preview.mp4,dance
236,Fig tree in spring and looming clouds_preview.mp4,cloud
45,MelbourneCBD1H264_preview.mp4,cloud
217,_import_61554f890f8993.83985142_preview.mp4,dance
466,170609_D_Varanasi_003_preview.mp4,water
356,France Mont Blanc les Bossons Glacier view_preview.mp4,cloud
434,New Zealand path and wave clouds Lake Dunstan_preview.mp4,cloud
130,190301_02_KenyaWildlife_03_preview.mp4,animal
48,200910_04_Oxford_4K_041_preview.mp4,car
242,200520_Kim Sydney_01_4k_009_preview.mp4,water
570,hd0213_preview.mp4,water
12,210819_06_Health and Expressions_4k_024_preview.mp4,food
478,_import_62aec5c7f1c230.84098795_preview.mp4,dance
318,_import_61289b8fc2d065.45490606_preview.mp4,sunset
60,P1000227_Trim_1591402552_preview.mp4,flower
559,Samoa throwing coconuts_preview.mp4,cloud
591,City street time lapse-H264 75_preview.mp4,car
645,190614_02_HellMouth_UHD_09_preview.mp4,fire
480,211004_02B_Bali_4k_009_preview.mp4,water
407,171124_H2_008_preview.mp4,water
621,190802_17a_HD_33_preview.mp4,animal
295,170724_01_Wavesfromabove_preview.mp4,water
351,Sqirrel_Eats_Wide_preview.mp4,animal
394,_import_612886ec24c325.97237293_preview.mp4,food
547,GREEN_SCREEN_ANIMALS__ALPACA_preview.mp4,animal
83,Florida Everglades Eco Pond with reflection and bird_preview.mp4,water
26,161212_028_Vietnam_1080p96fps_preview.mp4,animal
366,P1250020_00_00_0100_00_06_preview.mp4,animal
608,190301_02_KenyaWildlife_36_preview.mp4,animal
491,200506_Kitchen Food_05_4k_044_preview.mp4,food
239,Clip17271013Videvo_preview.mp4,car
257,_import_6128976f7320b3.79014040_preview.mp4,car
213,180301_07_A_HongKongIsland_19_preview.mp4,food
302,Daisy-Stock Video_preview.mp4,flower
594,PiccadillyCircusNightVidevo_preview.mp4,car
378,Canada rocks and blue sky_preview.mp4,water
285,River_preview.mp4,water
186,_import_60dd4fe459e568.98073769_preview.mp4,car
484,010918604-merida-aqueduct-miracles-flowe_preview.mp4,flower
511,170728_Berlin_C_022_preview.mp4,sunset
642,Mississippi National Forest sign with dogwood_preview.mp4,flower
405,181015_05a_Griffith Observatory Drone_09_preview.mp4,car
627,_import_62c7ce01046979.01307962_preview.mp4,food
185,200415_03_Batch_05_006_preview.mp4,food
127,039817929-canada-athabasca-glacier-drama_preview.mp4,cloud
438,Flowers in park -H264 75_preview.mp4,flower
614,rifugio_becco_preview.mp4,cloud
646,rover_and_rocks_medium_preview.mp4,water
284,190312_21_StPetersBasilicaSquare_UHD_005_preview.mp4,sunset
636,Germany Wismar buildings by the harbor with sidewalk cafe_preview.mp4,car
333,000985481-hydrangeas-and-gazebo-maui_preview.mp4,flower
84,190301_1_25_14_preview.mp4,animal
133,creek_in_slowmotion1_preview.mp4,water
427,Montana mountains from the plains_preview.mp4,cloud
640,Idaho view of Shoshone Falls_preview.mp4,water
419,Texas Austin Capitol building after sunset_preview.mp4,sunset
644,_Argentina cloud above church_preview.mp4,cloud
541,190319_01_ClimateChange_013_preview.mp4,fire
373,000937113-edge-sea-kilauea-lava-flow_preview.mp4,cloud
606,210804_01_Dog Walk_4k_024_preview.mp4,animal
289,the_beach_preview.mp4,water
556,000939595-ecuador-weavings-otovalo-marke_preview.mp4,animal
493,TimelapsephotographyFieldF21JamaJamon_preview.mp4,cloud
600,Limousin_Cows_1__VIdevo_preview.mp4,animal
562,Idaho Shoshone Falls in fall with trees_preview.mp4,water
13,_Pennsylvania West Chester street_preview.mp4,car
167,160929_114_London_HMSBelfast_1080p_preview.mp4,water
23,170216A_136_WomanDrivingCar_1080p_preview.mp4,car
207,Mykonos_5_preview.mp4,water
189,_California San Francisco traffic with bicycle and busses_preview.mp4,car
362,160820_049_NYC_RainStreet6_1080p_preview.mp4,car
437,_Argentina Purmamarca zooms on market cart_preview.mp4,cloud
383,Beach_evening_preview.mp4,water
94,water_bubbles_preview.mp4,water
503,Female_Mallard_preview.mp4,water
585,170804_A_Lombok_026_preview.mp4,water
131,guadeloupe_urchins_lobster_preview.mp4,water
587,_import_616e6f098a5c54.58213374_preview.mp4,animal
212,GirlinWaves_preview.mp4,water
598,_import_62a584fa595768.31556786_preview.mp4,dance
450,_import_623563d066c5a7.19754478_preview.mp4,food
265,Louisiana Mississippi ferry leaving dock_preview.mp4,water
425,Flowers bright red tulip_preview.mp4,flower
568,150412_01_SeaSlowMotion_BW_1080p_preview.mp4,water
449,_import_6167bc5d382852.84834620_preview.mp4,food
512,220507_01_Nature 1_4k_028_preview.mp4,flower
490,Canada broad view Bay of Fundy_preview.mp4,water
25,200506_Kitchen Food_04_4k_032_preview.mp4,food
15,200116_Lens effect_4k_074_preview.mp4,cloud
446,Ireland snapdragons and leaves_preview.mp4,flower
128,180607_A_016_preview.mp4,water
254,California Anza Borrego flowers and view_preview.mp4,flower
370,earth_water_and_sky_timelapse_preview.mp4,water
532,190802_17a_HD_40_preview.mp4,animal
352,Mexico Huatulco looking down on beach and town_preview.mp4,water
320,190312_26_PiazzaVenezia_Drone_009_preview.mp4,sunset
241,200223_Cafe_03_26_preview.mp4,food
152,026250895-kansas-wheat-and-windmills-tim_preview.mp4,cloud
409,161212_056_Vietnam_1080p96fps_preview.mp4,sunset
243,200612_Making Pizza_01_4k_041_preview.mp4,food
315,000987148-waikiki-street-scene-and-build_preview.mp4,car
219,190301_1_25_11_preview.mp4,animal
416,_import_61784fbeb50dd0.74414094_preview.mp4,food
194,New Zealand mountains and clouds_preview.mp4,cloud
436,039818055-canada-icefields-parkway-athab_preview.mp4,cloud
93,040613180-british-columbia-mount-robson-_preview.mp4,water
424,024686456-idaho-snake-river-thousand-fal_preview.mp4,water
349,Aquarium bottom fish_preview.mp4,water
125,190212_03_MarrakechKoutoubia_HD_07_preview.mp4,water
401,170609_B_DelhiJamaMasjid_004_preview.mp4,food
464,034660478-berlin-reichstag-backlit-drama_preview.mp4,cloud
182,California smoke in evening sky_preview.mp4,cloud
494,_Massachusetts Salem Witch's House with sign_preview.mp4,car
